SleepInd,pEffort,uaI,uaI(-1),DeltaHrtwo,FatigInd
-6.0,1.0,0.0,1.0,-6.0,Low/Minimal
-5.5,5.0,2.44,1.89,19.0,Low/Minimal
-6.0,1.0,1.0,0.0,12.0,Low/Minimal
-5.0,2.0,1.16,1.56,-6.0,Low/Minimal
-5.0,2.0,2.91,2.0,6.0,Low/Minimal
-5.0,6.0,1.87,2.2,-12.0,Low/Minimal
-5.5,4.0,2.0,2.0,6.0,Low/Minimal
-3.5,1.0,0.0,2.0,14.0,Low/Minimal
-7.0,1.0,0.0,1.0,-6.0,Low/Minimal
-5.0,3.0,2.0,2.0,9.0,Low/Minimal
-6.0,1.0,0.0,0.0,24.0,Low/Minimal
-6.0,7.0,1.41,0.0,12.0,Low/Minimal
-6.0,1.0,0.0,1.0,4.0,Low/Minimal
-7.5,1.0,0.0,1.41,6.0,Low/Minimal
-4.5,5.0,2.0,2.0,18.0,Low/Minimal
-5.0,5.0,1.94,1.94,-12.0,Low/Minimal
-6.0,1.0,0.0,1.53,6.0,Low/Minimal
-6.0,3.0,1.0,0.0,-6.0,Low/Minimal
-5.0,2.0,2.0,1.0,0.0,Low/Minimal
-4.5,4.0,2.0,2.0,20.0,Low/Minimal
-5.0,4.0,2.0,2.0,31.0,Low/Minimal
-5.0,1.0,0.0,2.0,0.0,Low/Minimal
-6.0,2.0,3.06,3.67,0.0,Low/Minimal
-5.0,3.0,1.0,2.0,19.0,Low/Minimal
-6.0,5.0,2.0,2.0,9.0,Low/Minimal
-4.5,4.0,1.0,2.0,10.0,Low/Minimal
-5.0,5.0,2.0,2.0,15.0,Low/Minimal
-6.0,1.0,0.0,1.78,0.0,Low/Minimal
-5.5,4.0,2.0,2.0,29.0,Low/Minimal
-5.0,5.0,2.0,2.0,10.0,Low/Minimal
-6.0,7.0,1.89,2.19,-12.0,Low/Minimal
-8.0,1.0,0.0,1.89,-30.0,Low/Minimal
-5.0,1.0,0.0,0.0,16.0,Low/Minimal
-5.0,5.0,2.0,2.0,17.0,Low/Minimal
-5.0,6.0,2.83,1.9,6.0,Low/Minimal
-2.0,1.0,1.33,2.58,0.0,Low/Minimal
-4.5,4.0,2.0,2.0,7.0,Low/Minimal
-4.0,4.0,1.0,2.0,12.0,Low/Minimal
-5.0,4.0,1.0,1.0,7.0,Low/Minimal
-7.5,1.0,0.0,1.5,-6.0,Low/Minimal
-5.0,5.0,2.0,2.0,0.0,Low/Minimal
-4.0,4.0,2.0,2.0,8.0,Low/Minimal
-4.0,5.0,2.0,2.0,-1.0,Low/Minimal
-5.5,1.0,2.0,2.0,15.0,Low/Minimal
-6.0,1.0,0.0,0.0,-6.0,Low/Minimal
-5.0,4.0,2.0,2.0,20.0,Low/Minimal
-7.0,6.0,2.2,2.35,-6.0,Low/Minimal
-6.0,1.0,0.0,1.0,10.0,Low/Minimal
-5.0,4.0,2.0,2.0,11.0,Low/Minimal
-6.0,3.0,2.35,3.06,6.0,Low/Minimal
-6.0,3.0,1.0,0.0,-6.0,Low/Minimal
-4.0,5.0,2.0,1.0,-2.0,Low/Minimal
-5.0,5.0,2.0,2.0,8.0,Low/Minimal
-4.0,6.0,2.05,2.36,-18.0,Low/Minimal
-4.0,1.0,0.0,2.4,0.0,Low/Minimal
-5.0,3.0,2.0,2.0,15.0,Low/Minimal
-7.0,6.0,1.94,1.87,-6.0,Low/Minimal
-3.0,4.0,2.0,2.0,4.0,Low/Minimal
-3.5,3.0,2.0,2.0,28.0,Low/Minimal
-6.0,5.0,2.0,2.0,7.0,Low/Minimal
-5.0,1.0,0.0,0.0,12.0,Low/Minimal
-5.5,5.0,2.0,2.0,30.0,Low/Minimal
-4.5,6.0,2.0,2.0,5.0,Low/Minimal
-5.0,1.0,0.0,1.41,14.0,Low/Minimal
-7.0,1.0,0.0,1.16,-12.0,Low/Minimal
-5.0,4.0,1.0,1.0,17.0,Low/Minimal
-6.0,1.0,0.0,1.94,-12.0,Low/Minimal
-6.0,2.0,1.0,0.0,0.0,Low/Minimal
-1.0,5.0,1.78,2.18,0.0,Low/Minimal
-5.0,6.0,1.9,1.6,12.0,Low/Minimal
-3.7,5.0,2.0,2.0,14.0,Low/Minimal
-6.0,1.0,0.0,1.0,-6.0,Low/Minimal
-5.0,5.0,2.0,0.0,19.0,Low/Minimal
-5.0,5.0,2.85,2.23,-6.0,Low/Minimal
-6.0,2.0,2.0,2.79,6.0,Low/Minimal
-6.0,6.0,2.07,1.33,0.0,Low/Minimal
-5.0,4.0,1.54,0.0,-6.0,Low/Minimal
-4.5,4.0,2.0,1.0,17.0,Low/Minimal
-7.0,1.0,0.0,0.0,-6.0,Low/Minimal
-4.5,5.0,2.0,2.0,3.0,Low/Minimal
-7.0,1.0,0.0,0.0,0.0,Low/Minimal
-7.0,1.0,0.0,0.0,-24.0,Low/Minimal
-6.0,1.0,0.0,0.0,-6.0,Low/Minimal
-4.5,4.0,2.0,0.0,21.0,Low/Minimal
-4.5,5.0,1.42,1.93,-6.0,Low/Minimal
-5.0,4.0,1.4,0.0,12.0,Low/Minimal
-6.0,2.0,3.67,2.91,6.0,Low/Minimal
-8.0,1.0,0.0,0.0,6.0,Low/Minimal
-5.5,3.0,1.0,0.0,16.0,Low/Minimal
-5.5,4.0,2.0,2.0,20.0,Low/Minimal
-4.5,2.0,1.0,0.0,-6.0,Low/Minimal
-6.0,3.0,1.0,0.0,4.0,Low/Minimal
-5.0,6.0,1.5,1.6,-6.0,Low/Minimal
-6.0,4.0,2.0,2.0,14.0,Low/Minimal
-5.0,1.0,0.0,1.0,4.0,Low/Minimal
-5.5,5.0,2.0,2.0,22.0,Low/Minimal
-5.0,7.0,2.19,1.89,0.0,Low/Minimal
-4.0,3.0,2.64,2.85,0.0,Low/Minimal
-6.0,1.0,0.0,0.0,-6.0,Low/Minimal
-5.0,4.0,1.89,1.54,0.0,Low/Minimal
-8.0,7.0,1.41,0.0,-6.0,Low/Minimal
-5.0,4.0,2.0,2.0,3.0,Low/Minimal
-6.0,2.0,2.79,2.33,6.0,Low/Minimal
-7.0,1.0,0.0,0.0,0.0,Low/Minimal
-6.0,5.0,2.0,2.0,23.0,Low/Minimal
-7.0,1.0,0.0,0.0,-6.0,Low/Minimal
-6.800000000000001,5.0,3.23,2.13,-6.0,Low/Minimal
-4.0,1.0,1.69,2.28,-12.0,Low/Minimal
-4.0,6.0,2.0,2.0,8.0,Low/Minimal
-4.5,7.0,2.0,2.0,4.0,Low/Minimal
-6.757117219206806,1.0,0.0,1.843344478998323,0.0,Low/Minimal
-3.0,1.0,0.0,2.02,6.0,Low/Minimal
-9.8,1.0,1.0,2.0,0.0,Low/Minimal
-5.707855351464782,3.4607232426760905,2.0,2.0,6.292144648535218,Low/Minimal
-7.0,1.0,0.0,3.67,0.0,Low/Minimal
-8.0,1.0,0.0,2.0,9.0,Low/Minimal
-5.5,2.0,2.0,0.0,6.0,Low/Minimal
-6.5,2.0,2.0,2.0,-6.0,Low/Minimal
-5.90016310892082,1.1996737821583596,1.1996737821583596,1.6006524356832803,5.19967378215836,Low/Minimal
-5.0,6.0,2.0,1.0,24.0,Low/Minimal
-10.5,1.0,0.0,1.89,0.0,Low/Minimal
-6.0,1.0,0.0,1.0,0.0,Low/Minimal
-6.0,1.0,0.0,1.86,6.0,Low/Minimal
-6.068054981357884,2.0,2.0,2.0,-3.408329888147305,Low/Minimal
-6.800000000000001,6.0,2.0,2.0,5.0,Low/Minimal
-4.0,1.0,0.0,0.0,-6.0,Low/Minimal
-4.4691522233043095,6.212339110678276,2.0,1.2123391106782762,22.30128711457379,Low/Minimal
-7.0,2.0,2.0,2.0,6.0,Low/Minimal
-6.0,3.0,1.0,0.0,0.0,Low/Minimal
-6.592414568862043,1.0,0.0,0.7458813389824623,1.1089748263445092,Low/Minimal
-5.17776394208952,2.074120193034932,0.6272861927324005,2.504824038606986,-6.0,Low/Minimal
-6.0,1.0,0.0,1.83,-6.0,Low/Minimal
-5.5,1.0,0.0,2.29,-6.0,Low/Minimal
-5.0,5.0,2.0,2.0,11.0,Low/Minimal
-5.0,1.0,0.0,1.16,0.0,Low/Minimal
-6.591702254926717,1.0,0.0,2.0,-3.799145881758794,Low/Minimal
-6.8598250394574105,1.456069984217036,0.912139968434072,2.0,7.631790047348892,Low/Minimal
-4.0,6.0,2.92,3.29,-6.0,Low/Minimal
-7.0,1.0,0.0,2.64,0.0,Low/Minimal
-7.0,1.0,0.0,2.0,0.0,Low/Minimal
-3.0,5.0,2.0,2.0,13.0,Low/Minimal
-6.708770859801958,1.0,0.0,0.949752952134624,4.252625158811749,Low/Minimal
-6.0,1.0,0.0,1.83,0.0,Low/Minimal
-7.0,1.0,0.0,0.0,0.0,Low/Minimal
-5.0,4.0,2.0,2.0,8.0,Low/Minimal
-6.0,2.0,2.0,2.0,6.0,Low/Minimal
-5.0,2.0,2.0,2.0,6.0,Low/Minimal
-6.0,1.0,2.0,2.0,12.0,Low/Minimal
-7.0,1.0,0.0,0.8141101015479275,6.0,Low/Minimal
-8.0,1.0,0.0,2.31,0.0,Low/Minimal
-8.0,5.0,0.0,1.83,24.0,Low/Minimal
-4.0,1.0,0.0,0.0,0.0,Low/Minimal
-7.633638156706308,1.0,0.0,2.430899408286918,0.0,Low/Minimal
-5.5,2.0,2.0,2.0,-6.0,Low/Minimal
-8.0,5.0,2.0,2.0,10.0,Low/Minimal
-6.0,2.0,2.0,0.0,6.0,Low/Minimal
-8.0,5.0,2.0,2.0,9.0,Low/Minimal
-7.0,1.0,0.0,0.0,6.0,Low/Minimal
-6.0,1.0,1.0,2.0,5.0,Low/Minimal
-5.0,2.0,2.0,2.0,6.0,Low/Minimal
-5.5247564316322375,4.376217841838811,2.0,2.0,3.3267049785743352,Low/Minimal
-6.5,1.0,0.0,2.0,-6.0,Low/Minimal
-3.4703677631940515,6.61185289472238,2.0,1.6118528947223796,19.105176842220963,Low/Minimal
-6.0,6.0,2.18,2.05,6.0,Low/Minimal
-6.0,1.0,0.0,2.0,0.0,Low/Minimal
-6.0,2.0,2.0,2.0,6.0,Low/Minimal
-5.5,2.0,2.0,2.0,6.0,Low/Minimal
-5.0,4.0,1.0,1.0,0.0,Low/Minimal
-4.5,2.0,2.33,1.87,-18.0,Low/Minimal
-5.8526206184364575,1.0,0.0,1.0852620618436457,1.0231447421237492,Low/Minimal
-6.0,8.0,2.0,2.0,5.0,Low/Minimal
-5.0,1.0,1.0,1.0,0.0,Low/Minimal
-10.0,1.0,0.0,1.5,6.0,Low/Minimal
-6.5,1.0,0.0,1.83,0.0,Low/Minimal
-6.0,7.0,2.0,2.0,7.0,Low/Minimal
-6.0,1.0,0.0,2.64,-6.0,Low/Minimal
-7.0,1.0,0.0,0.0,6.0,Low/Minimal
-6.0,2.0,2.0,2.0,6.0,Low/Minimal
-6.0,5.8703042992832355,1.6957577570404625,2.0,5.0,Low/Minimal
-7.790759209021937,4.442024557391832,1.7210122786959163,2.0,7.768098229567331,Low/Minimal
-6.0,6.0,2.69,2.43,-6.0,Low/Minimal
-6.0,2.0,2.0,2.0,6.0,Low/Minimal
-5.0,1.0,0.0,0.0,0.0,Low/Minimal
-5.5,2.0,2.0,2.0,6.0,Low/Minimal
-6.0,2.0,2.0,2.0,-6.0,Low/Minimal
-5.0,7.0,2.0,2.0,7.0,Low/Minimal
-6.0,1.0,1.0,1.0,4.0,Low/Minimal
-7.0,2.0,2.0,2.0,13.0,Low/Minimal
-6.0,1.0,0.0,1.0,-6.0,Low/Minimal
-6.0,6.0,2.0,2.0,8.0,Low/Minimal
-7.143120495690667,1.0,0.0511144627466667,2.0,0.0,Low/Minimal
-5.5,4.0,1.87,2.85,-6.0,Low/Minimal
-6.0,5.0,2.43,2.0,-6.0,Low/Minimal
-6.0,1.0,0.0,0.0,0.0,Low/Minimal
-5.5,2.0,2.0,2.0,6.0,Low/Minimal
-6.0,1.0,0.0,1.89,0.0,Low/Minimal
-7.0,1.0,0.0,0.0,0.0,Low/Minimal
-7.0,1.0,0.0,2.0,6.0,Low/Minimal
-6.0,2.0,2.0,2.0,0.0,Low/Minimal
-5.0,2.0,2.0,2.0,-6.0,Low/Minimal
-7.181824967207101,1.0,0.0,0.4200156742484024,0.0,Low/Minimal
-5.0,1.0,0.0,1.0,0.0,Low/Minimal
-2.5,7.0,2.0,2.0,16.0,Low/Minimal
-5.0,2.0,2.0,2.0,6.0,Low/Minimal
-7.862528132298237,4.862528132298237,0.0,1.7671066205264436,22.96896099223678,Low/Minimal
-4.0,1.0,0.0,0.0,-6.0,Low/Minimal
-4.0,6.0,2.0,2.0,4.0,Low/Minimal
-6.5,1.0,0.0,1.0,0.0,Low/Minimal
-6.0,1.0,0.0,2.0,-6.0,Low/Minimal
-3.5,8.0,3.12,2.47,-1.0,Low/Minimal
-7.0,1.0,0.0,0.0,-6.0,Low/Minimal
-5.5,2.0,2.0,2.0,0.0,Low/Minimal
-5.953549587280002,1.0,0.0464504127199977,1.0,-5.721297523680014,Low/Minimal
-6.0,2.0,2.0,1.869896814029441,6.0,Low/Minimal
-7.0,1.0,0.0,1.34,6.0,Low/Minimal
-6.0,1.0,0.0,2.11,-6.0,Low/Minimal
-7.5,6.0,2.0,2.0,-6.0,Optimal
-5.0,5.0,2.08,0.0,10.0,Optimal
-6.0,3.0,3.29,1.53,10.0,Optimal
-2.0,6.0,2.36,2.33,19.0,Optimal
-4.0,1.0,0.0,2.64,26.0,Optimal
-4.0,7.0,2.76,2.21,16.0,Optimal
-5.0,7.0,2.15,1.52,-6.0,Optimal
-4.0,5.0,2.47,2.76,30.0,Optimal
-5.0,8.0,1.72,2.58,-12.0,Optimal
-4.0,7.0,1.89,2.44,0.0,Optimal
-5.0,4.0,2.75,2.3,16.0,Optimal
-5.0,5.0,1.54,0.0,21.0,Optimal
-3.0,6.0,1.89,2.44,16.0,Optimal
-3.0,1.0,0.0,1.0,16.0,Optimal
-5.0,5.0,1.75,2.51,-12.0,Optimal
-4.0,5.0,3.06,3.67,10.0,Optimal
-6.0,5.0,2.2,2.35,10.0,Optimal
-4.0,6.0,2.07,1.33,16.0,Optimal
-3.0,5.0,1.9,3.23,-6.0,Optimal
-3.0,4.0,2.32,1.69,16.0,Optimal
-4.0,1.0,0.0,0.0,16.0,Optimal
-5.5,5.0,2.61,2.69,10.0,Optimal
-7.0,5.0,1.6,1.9,-24.0,Optimal
-5.0,7.0,2.58,1.8,22.0,Optimal
-6.5,1.0,0.0,1.78,28.0,Optimal
-5.5,4.0,2.0,2.0,30.0,Optimal
-4.0,5.0,2.0,2.0,30.0,Optimal
-5.5,6.0,2.52,1.85,21.0,Optimal
-4.0,4.0,2.92,3.29,10.0,Optimal
-4.800000000000001,5.0,2.0,2.0,21.0,Optimal
-3.0,4.0,1.0,1.6,15.0,Optimal
-4.5,1.0,0.0,2.31,28.0,Optimal
-3.0,4.0,2.58,2.32,16.0,Optimal
-4.0,5.0,2.19,1.89,21.0,Optimal
-4.0,7.0,2.59,2.05,-18.0,Optimal
-5.0,5.0,2.0,2.0,32.0,Optimal
-5.5,2.0,0.0,1.0,33.0,Optimal
-4.0,1.0,0.0,1.5,10.0,Optimal
0.0,1.0,0.0,1.47,4.0,Optimal
-4.5,6.0,2.73,2.76,-18.0,Optimal
-5.0,6.0,1.68,2.59,18.0,Optimal
-3.0,5.0,1.89,1.54,11.0,Optimal
-3.5,1.0,0.0,3.0,18.0,Optimal
-3.0,5.0,2.13,2.06,16.0,Optimal
-2.5,4.0,1.32,2.47,16.0,Optimal
-5.0,6.0,2.3,0.0,-6.0,Optimal
-5.0,1.0,0.0,2.31,-42.0,Optimal
-2.0,1.0,0.0,0.0,0.0,Optimal
-5.0,5.0,2.3,2.25,16.0,Optimal
-2.0,4.0,2.61,2.69,-9.0,Optimal
-7.0,5.0,1.94,1.87,10.0,Optimal
-4.0,4.0,1.75,1.0,-6.0,Optimal
-6.0,5.0,1.41,0.0,16.0,Optimal
-2.0,5.0,1.6,1.88,16.0,Optimal
-3.0,5.0,2.0,2.0,0.0,Optimal
-5.0,4.0,2.0,2.79,10.0,Optimal
-2.5,6.0,2.23,2.0,-12.0,Optimal
-4.0,4.0,2.69,2.07,-18.0,Optimal
-5.0,5.0,1.9,1.6,10.0,Optimal
-4.5,8.0,1.8,3.02,-18.0,Optimal
-6.0,5.0,2.33,1.4,-24.0,Optimal
-4.5,4.0,2.0,2.0,-6.0,Optimal
-3.0,6.0,1.69,2.31,-6.0,Optimal
-5.5,1.0,0.0,0.0,16.0,Optimal
-3.8,5.0,2.0,2.0,18.0,Optimal
-5.6,5.0,2.83,1.9,16.0,Optimal
-4.5,6.0,2.05,2.36,17.0,Optimal
-5.0,1.0,0.0,2.31,-6.0,Optimal
-2.0,4.0,1.16,1.56,15.0,Optimal
-4.5,5.0,2.02,0.0,16.0,Optimal
-4.0,6.0,2.08,1.75,-6.0,Optimal
-4.6,7.0,2.76,2.52,-30.0,Optimal
-2.0,4.0,1.52,2.08,22.0,Optimal
-7.0,6.0,1.87,2.2,10.0,Optimal
-3.0,6.0,2.18,2.3,19.0,Optimal
-7.0,5.0,2.35,3.06,10.0,Optimal
-5.5,4.0,2.0,2.0,28.0,Optimal
-6.0,3.0,1.0,1.94,10.0,Optimal
-4.0,5.0,1.9,1.6,0.0,Optimal
-4.5,4.0,2.0,2.0,32.0,Optimal
-3.0,1.0,0.0,1.47,22.0,Optimal
-3.0,2.0,1.96,3.13,16.0,Optimal
-5.5,2.0,2.0,1.0,26.0,Optimal
-4.0,1.0,0.0,2.08,-12.0,Optimal
-4.0,6.0,1.89,1.54,-6.0,Optimal
-4.0,7.0,2.59,2.05,17.0,Optimal
-5.0,5.0,1.5,1.6,16.0,Optimal
-5.0,7.0,2.28,2.15,-8.0,Optimal
-6.0,4.0,2.0,2.0,9.0,Optimal
-6.5,7.0,3.02,2.23,16.0,Optimal
-4.0,5.0,1.6,1.9,16.0,Optimal
-4.5,5.0,2.0,2.0,24.0,Optimal
-4.0,4.0,2.0,2.0,10.0,Optimal
-6.0,5.0,1.41,0.0,17.0,Optimal
-5.0,5.0,2.13,2.08,-6.0,Optimal
-4.0,5.0,1.6,0.0,10.0,Optimal
-7.5,4.0,2.25,1.69,16.0,Optimal
-4.5,6.0,2.45,2.08,17.0,Optimal
-5.0,5.0,1.89,2.19,15.0,Optimal
-5.0,1.0,3.0,0.0,18.0,Optimal
-5.0,5.0,2.0,2.0,22.0,Optimal
-5.0,5.0,2.0,2.0,16.0,Optimal
-2.0,3.0,2.74,3.0,16.0,Optimal
-5.5,4.0,1.75,2.51,17.0,Optimal
-5.0,8.0,2.58,1.8,-30.0,Optimal
-5.0,1.0,0.0,2.31,22.0,Optimal
-5.0,6.0,1.76,1.79,16.0,Optimal
-3.5,3.0,2.88,2.64,-12.0,Optimal
-5.5,4.0,1.54,0.0,0.0,Optimal
-7.5,6.0,2.0,2.0,18.0,Optimal
-6.0,5.0,1.53,2.79,-6.0,Optimal
-4.0,4.0,1.0,1.0,4.0,Optimal
-4.0,5.0,1.72,2.45,-12.0,Optimal
-4.5,1.0,0.0,2.11,0.0,Optimal
-8.0,3.0,2.0,2.0,-6.0,Optimal
-6.0,5.0,2.0,2.0,0.0,Optimal
-4.7,3.0,2.88,2.64,0.0,Optimal
-4.5,4.0,1.82,2.75,-6.0,Optimal
-6.0,3.0,2.0,2.0,0.0,Optimal
-6.5,5.0,1.89,1.72,-12.0,Optimal
-7.5,5.0,2.0,0.0,12.0,Optimal
-3.8,6.0,2.47,2.24,0.0,Optimal
-4.0,4.0,2.24,2.37,12.0,Optimal
-7.0,3.0,2.0,2.0,-6.0,Optimal
-3.0,8.0,2.04,2.03,6.0,Optimal
-5.0,5.0,3.29,1.53,0.0,Optimal
-5.0,5.0,2.69,2.0,-6.0,Optimal
-4.0,1.0,2.0,2.0,-6.0,Optimal
-1.0,8.0,2.66,2.02,20.0,Optimal
-3.0,2.0,2.0,2.42,15.0,Optimal
-4.5,5.0,2.33,2.15,6.0,Optimal
-6.5,4.0,1.6,0.0,6.0,Optimal
-6.5,1.0,2.0,2.0,18.0,Optimal
-6.0,5.0,1.6,0.0,-6.0,Optimal
-6.0,5.0,2.76,2.21,0.0,Optimal
-7.0,6.0,2.0,2.0,19.0,Optimal
-4.0,5.0,2.21,1.32,0.0,Optimal
-6.0,2.0,2.0,2.0,0.0,Optimal
-4.5,5.0,2.59,1.76,12.0,Optimal
-4.5,4.0,1.46,0.0,-12.0,Optimal
-4.0,5.0,1.82,2.75,-24.0,Optimal
-6.0,4.0,0.0,0.0,0.0,Optimal
-6.0,6.0,2.0,2.0,12.0,Optimal
-6.0,6.0,2.0,2.0,0.0,Optimal
-5.5,7.0,2.02,2.22,21.0,Optimal
-6.5,2.0,2.0,2.0,6.0,Optimal
-4.5,6.0,2.0,2.0,9.0,Optimal
-5.0,3.0,2.0,2.0,0.0,Optimal
-6.0,4.0,2.0,2.0,12.0,Optimal
-5.5,2.0,2.0,2.0,-6.0,Optimal
-5.5,3.0,2.0,2.0,6.0,Optimal
-3.5,5.0,2.18,2.08,0.0,Optimal
-4.5,7.0,2.0,2.0,10.0,Optimal
-6.0,5.0,2.07,2.33,6.0,Optimal
-7.0,4.0,2.0,2.0,-6.0,Optimal
-5.5,6.0,2.0,2.0,11.0,Optimal
-3.0,6.0,2.0,2.0,13.0,Optimal
-6.0,5.0,2.02,0.0,-6.0,Optimal
-2.0,7.0,2.0,2.0,8.0,Optimal
-8.0,8.0,2.0,2.0,8.0,Optimal
-5.0,4.0,2.81,2.69,0.0,Optimal
-5.5,2.0,2.1,1.94,0.0,Optimal
-6.0,3.0,1.53,2.83,-6.0,Optimal
-7.0,2.0,2.92,3.29,6.0,Optimal
-6.0,4.0,1.94,1.94,0.0,Optimal
-6.0,4.0,1.22,1.76,-12.0,Optimal
-7.0,3.0,2.0,2.0,0.0,Optimal
-7.0,2.0,2.0,0.0,6.0,Optimal
-5.5,3.0,2.0,2.0,6.0,Optimal
-6.0,5.0,1.68,2.81,0.0,Optimal
-7.0,3.0,2.0,2.0,-6.0,Optimal
-5.0,5.0,2.0,2.0,0.0,Optimal
-6.0,3.0,2.0,2.0,-6.0,Optimal
-7.0,3.0,2.0,0.0,-12.0,Optimal
-7.0,4.0,2.0,2.0,0.0,Optimal
-4.5,8.0,2.25,2.06,6.0,Optimal
-4.5,6.0,2.0,2.0,6.0,Optimal
-5.699999999999999,3.0,2.83,1.9,6.0,Optimal
-6.0,4.0,2.85,2.23,0.0,Optimal
-4.5,6.0,2.35,0.0,6.0,Optimal
-7.0,1.0,0.0,1.0,0.0,Optimal
-7.0,1.0,2.49,0.0,-6.0,Optimal
-6.0,1.0,1.87,1.5,12.0,Optimal
-5.0,7.0,2.03,1.8,0.0,Optimal
-4.5,5.0,1.74,1.87,6.0,Optimal
-7.0,3.0,2.0,2.0,6.0,Optimal
-5.0,8.0,2.54,2.32,0.0,Optimal
-5.5,6.0,2.02,0.0,0.0,Optimal
-3.0,4.0,1.33,2.05,-18.0,Optimal
-4.0,3.0,2.37,2.73,-6.0,Optimal
-4.6,6.0,2.11,2.42,0.0,Optimal
-5.0,6.0,2.76,2.52,0.0,Optimal
-3.0,7.0,2.24,2.37,0.0,Optimal
-6.0,1.0,0.0,1.0,12.0,Optimal
-5.5,4.0,2.03,1.42,0.0,Optimal
-5.0,4.0,2.0,2.0,-6.0,Optimal
-4.0,8.0,2.22,1.72,10.0,Optimal
-4.6,5.0,2.33,0.0,0.0,Optimal
-3.0,3.0,2.0,2.0,-6.0,Optimal
-7.0,4.0,1.68,2.59,18.0,Optimal
-5.5,6.0,2.0,2.0,9.0,Optimal
-4.0,4.0,2.0,2.0,13.0,Optimal
-7.0,3.0,2.0,2.0,0.0,Optimal
-5.0,5.0,2.42,2.11,0.0,Optimal
-5.0,4.0,2.73,2.76,0.0,Optimal
-4.0,4.0,1.87,2.2,6.0,Optimal
-7.5,5.0,2.0,2.0,12.0,Optimal
-5.5,4.0,2.0,2.0,-6.0,Optimal
-6.5,5.0,1.85,2.88,6.0,Optimal
-5.0,4.0,2.3,0.0,0.0,Optimal
-6.0,4.0,2.0,2.0,12.0,Optimal
-7.5,1.0,0.0,0.0,0.0,Optimal
-4.0,5.0,2.52,1.85,0.0,Optimal
-6.0,6.0,2.0,2.0,0.0,Optimal
-5.0,1.0,0.0,1.92,-12.0,Optimal
-5.5,3.0,2.0,2.0,0.0,Optimal
-4.0,5.0,1.8,3.02,20.0,Risk/Caution
-4.302172351467832,6.151086175733916,2.7421527829275454,2.0725872532211116,-5.439102326420979,Risk/Caution
-2.3620004089887283,4.82799754606763,1.635599509213526,2.127959828224734,15.928017995504046,Risk/Caution
-3.0,6.0,2.2,0.0,0.0,Risk/Caution
-0.5,6.0,2.3,0.0,0.0,Risk/Caution
-3.950556414019871,6.4505564140198715,2.4427503863089424,2.039780602771093,22.0,Risk/Caution
-4.968727186517612,5.015636406741194,2.309530907797764,2.740618155955284,22.0,Risk/Caution
-3.3,8.0,2.4,2.53,-6.0,Risk/Caution
-5.0,6.0,2.86,2.13,25.0,Risk/Caution
-3.392965752313315,6.0,2.5657490407402608,2.373226232754465,25.64220548612011,Risk/Caution
-2.0,7.0,2.07,2.28,0.0,Risk/Caution
-4.5,7.0,2.76,2.21,-24.0,Risk/Caution
-3.853255912640981,5.293488174718038,2.0,2.0,27.239070951691772,Risk/Caution
-2.8,5.0,1.72,2.58,30.0,Risk/Caution
-4.0,6.0,2.33,0.0,26.0,Risk/Caution
-5.0,6.0,2.38,2.11,-12.0,Risk/Caution
-4.6510770255019445,6.953231076505833,2.5943139711123724,2.505649149853464,-16.46031342810889,Risk/Caution
-3.6170731252462103,6.0,2.434951169023293,2.087878043777083,8.041464369829587,Risk/Caution
-5.0,6.00223293014751,2.4939213382721777,2.3298883534926245,1.9575743271973067,Risk/Caution
-2.5,7.0,2.75,0.0,0.0,Risk/Caution
-3.0,6.0,2.28,2.15,22.0,Risk/Caution
-3.0,6.0,2.18,2.3,-24.0,Risk/Caution
-2.8105524217930853,5.9149596755437805,2.669211691766592,1.830552421793085,26.404717728806467,Risk/Caution
-4.5,5.0,2.0,2.0,32.0,Risk/Caution
-2.855665961608099,5.570443974405399,2.1487289640951364,2.5924731500181055,27.8591120511892,Risk/Caution
-4.961172024349349,7.883516073048048,2.972629869706206,2.2606741007640143,-33.825633363563554,Risk/Caution
-2.2962735057040824,6.703726494295918,2.132217436197857,2.3214782907985714,6.518017125489813,Risk/Caution
-3.0483605664043543,6.395150236001815,2.584593568440526,2.228145492919946,4.427938907914722,Risk/Caution
-3.971712095389104,5.028287904610896,2.075940459968288,2.2763225724005833,27.83027257233462,Risk/Caution
-4.963329432896897,5.0,2.241001170130931,2.360197893764324,21.073341134206206,Risk/Caution
-4.206624417168076,5.0,2.0,2.0,30.239746503008455,Risk/Caution
-5.0,8.0,1.88,2.86,0.0,Risk/Caution
-4.0,5.0,2.0,2.0,29.0,Risk/Caution
-2.8790198347939286,5.252679889862619,1.9264471405258143,1.818499261676933,16.441042423022378,Risk/Caution
-0.5323835922446942,5.985920177284916,2.3,0.0,0.1407982271508445,Risk/Caution
-4.536849560743326,5.221097364459953,2.4271674377514567,2.118843894578398,17.725450953774242,Risk/Caution
-3.0,6.0,2.44,2.33,28.0,Risk/Caution
-5.0,6.0,2.31,2.45,-36.0,Risk/Caution
-5.0,8.0,2.53,2.3,-6.0,Risk/Caution
-5.5,6.0,2.76,2.52,26.0,Risk/Caution
-6.0,7.0,2.08,1.75,-36.0,Risk/Caution
-4.5,5.0,2.38,2.11,22.0,Risk/Caution
-4.0,5.0,2.07,2.28,28.0,Risk/Caution
-3.743931677238676,5.256068322761324,1.908034161380662,2.2414563974627177,30.927180126864112,Risk/Caution
-4.0,6.0,2.33,1.4,0.0,Risk/Caution
-4.443459042329747,7.443459042329747,1.8438248377514337,2.6262527977784935,5.8436800555376625,Risk/Caution
-4.0,5.198842404088805,2.151120227107492,2.087490657799074,27.608103171378364,Risk/Caution
-4.0,6.0,2.86,2.13,0.0,Risk/Caution
-2.0999999999999996,6.0,2.47,2.24,23.0,Risk/Caution
-0.9782658245968344,5.792058337131811,2.3,0.0,2.079416628681888,Risk/Caution
-3.0,6.0,2.64,2.82,19.0,Risk/Caution
-2.3311587473363926,6.668841252663607,2.1395433369406422,2.3263622246270947,7.28549244140064,Risk/Caution
-3.724725337069102,5.449450674138204,2.3415825123450347,2.1977582966208096,22.0,Risk/Caution
-6.0,7.0,2.44,1.89,-12.0,Risk/Caution
-3.775057866684699,4.8500385777898,1.9800231466738791,2.2485081013358577,27.1002314667388,Risk/Caution
-1.5,5.0,1.69,2.28,22.0,Risk/Caution
-2.7,6.0,2.75,1.72,27.0,Risk/Caution
-3.5,6.0,2.08,2.76,27.0,Risk/Caution
-4.917366530468499,5.834733060936998,2.38,2.11,-6.380924071857915,Risk/Caution
-5.182595575415454,6.5912977877077275,2.6116549291627544,1.9880885309501457,-7.095573452492726,Risk/Caution
-5.0,5.0,2.4728295946267793,2.716962111235146,22.0,Risk/Caution
-3.479165739974176,6.0,2.3872917686028408,1.2135438258601692,27.041668520051648,Risk/Caution
-2.658134861228448,5.0,2.4549907213346267,2.5411150639193965,27.244973703390805,Risk/Caution
-3.5,5.0,2.0,2.0,22.0,Risk/Caution
-3.53969213238908,6.0,2.5022275941378846,1.3168488030293546,11.873226912559756,Risk/Caution
-4.895087770265603,5.419648918937589,2.934954417564674,2.496694791886851,22.0,Risk/Caution
-3.1203740987789867,6.425155874491245,2.593295203602461,2.227245323765263,3.0176738989115,Risk/Caution
-4.067700327819992,6.567700327819992,2.466036222917594,2.4477648196990045,-1.9527167188195664,Risk/Caution
-4.38976138606016,6.0,2.6653031770463076,2.428568584734366,25.020377693582493,Risk/Caution
-5.0,8.0,3.02,2.23,-36.0,Risk/Caution
-3.5,6.0,2.0,2.0,23.0,Risk/Caution
-0.7671483261731517,6.190820232980823,2.309541011649041,0.2413875947207406,-0.5724606989424679,Risk/Caution
-2.8,5.0,2.3,0.0,10.0,Risk/Caution
-4.5,5.0,1.9,3.23,22.0,Risk/Caution
-3.5,6.0,2.3,2.24,22.0,Risk/Caution
-3.0,6.0,1.75,2.02,21.0,Risk/Caution
-3.0,6.0,2.4710932302643696,2.406178414147706,26.60080463810336,Risk/Caution
-4.437373415088883,5.0,1.8965555378298884,3.1902321185814406,22.0,Risk/Caution
-3.1746312000546486,4.449754133369765,1.739852480021859,2.1644483680076507,24.698524800218593,Risk/Caution
-4.3648977789404455,5.42340148070637,2.703618963505541,2.4533414521386434,22.0,Risk/Caution
-4.0,5.0,2.0,2.0,37.0,Risk/Caution
-2.5,5.0,1.79,1.96,22.0,Risk/Caution
-3.5,7.0,2.42,1.42,28.0,Risk/Caution
-4.1,7.0,2.45,2.08,-12.0,Risk/Caution
-3.855670976374325,6.0,2.540619884088974,2.3129904592094057,22.28865804725135,Risk/Caution
-4.0,6.0,2.31,2.45,41.0,Risk/Caution
-2.5,4.0,1.47,2.07,22.0,Risk/Caution
-5.0,5.0,2.31,2.75,22.0,Risk/Caution
-4.5,8.0,2.28,2.42,0.0,Risk/Caution
-2.0,6.0,2.15,1.52,22.0,Risk/Caution
-4.0,6.0,2.76,2.44,22.0,Risk/Caution
-3.0,6.0,2.28,2.42,22.0,Risk/Caution
-3.3590659776509653,8.0,2.4045168100556618,2.5220087206707515,-6.0,Risk/Caution
-4.5,7.0,2.69,2.07,22.0,Risk/Caution
-4.0,5.0,2.0,2.0,32.0,Risk/Caution
-4.0,5.0,2.0,2.0,29.0,Risk/Caution
-3.578857612702501,5.0,2.0,2.0,23.10400657783501,Risk/Caution
-5.0,5.0,3.23,2.13,22.0,Risk/Caution
-2.682120075656966,5.788080050437977,2.084040025218989,2.1972515947040123,22.0,Risk/Caution
-4.0,5.0,1.78,2.18,34.0,Risk/Caution
-5.0,7.0,2.42,2.18,-24.0,Risk/Caution
-5.0,5.0,3.0,2.61,22.0,Risk/Caution
-2.0,5.0,2.24,2.37,29.0,Risk/Caution
-5.129181747801733,6.370818252198267,2.76,2.4050463418185375,7.459087390086683,Risk/Caution
-3.697440759087785,5.39488151817557,2.130310900997938,1.2102369636488606,23.57952607270228,Risk/Caution
-3.5,5.0,2.73,2.76,25.0,Risk/Caution
-4.136364002071789,6.272728004143579,2.4327276018646105,2.384545279005541,23.272679730667356,Risk/Caution
-5.0,5.0,2.23,2.38,21.0,Risk/Caution
-5.0,6.0,1.79,1.96,18.0,Risk/Caution
-7.0,5.0,2.0,0.0,18.0,Risk/Caution
-4.0,8.0,2.54,2.28,-10.0,Risk/Caution
-4.0,6.0,3.29,1.53,6.0,Risk/Caution
-6.0,8.0,2.58,1.8,12.0,Risk/Caution
-6.0,6.0,3.0,2.34,5.0,Risk/Caution
-6.0,4.0,1.16,1.56,0.0,Risk/Caution
-5.0,5.0,3.0,2.34,-18.0,Risk/Caution
-5.0,6.0,2.33,2.42,18.0,Risk/Caution
-2.0,8.0,2.48,2.19,-6.0,Risk/Caution
-5.0,7.0,2.19,1.74,6.0,Risk/Caution
-6.0,6.0,2.3,2.3,0.0,Risk/Caution
-7.5,7.0,2.0,2.0,24.0,Risk/Caution
-7.0,6.0,1.41,0.0,0.0,Risk/Caution
-5.0,7.0,2.08,1.82,12.0,Risk/Caution
-4.0,5.0,2.0,2.0,24.0,Risk/Caution
-4.0,4.0,1.5,2.79,-2.0,Risk/Caution
-5.0,8.0,2.42,1.42,8.0,Risk/Caution
-7.5,6.0,2.0,2.0,12.0,Risk/Caution
-2.0,7.0,2.97,2.97,12.0,Risk/Caution
-4.0,6.0,2.18,2.08,0.0,Risk/Caution
-6.0,8.0,1.92,1.86,0.0,Risk/Caution
-4.0,6.0,2.42,2.11,0.0,Risk/Caution
-5.0,5.0,2.3,2.12,-6.0,Risk/Caution
-4.0,8.0,1.51,0.0,6.0,Risk/Caution
-7.5,7.0,2.0,2.0,18.0,Risk/Caution
-6.5,5.0,2.0,2.0,9.0,Risk/Caution
-5.5,7.0,1.8,3.02,24.0,Risk/Caution
-4.0,7.0,2.29,2.1,0.0,Risk/Caution
-4.0,6.0,2.11,2.42,0.0,Risk/Caution
-6.0,5.0,1.58,0.0,-10.0,Risk/Caution
-5.0,5.0,1.54,0.0,30.0,Risk/Caution
-5.0,6.0,2.1,1.85,-6.0,Risk/Caution
-5.0,6.0,1.68,2.81,6.0,Risk/Caution
-4.0,5.0,1.63,2.25,-6.0,Risk/Caution
-5.0,5.0,1.46,2.08,12.0,Risk/Caution
-4.5,5.0,2.0,2.24,0.0,Risk/Caution
-4.5,5.0,1.46,2.08,0.0,Risk/Caution
-2.0,6.0,1.98,0.0,6.0,Risk/Caution
-5.0,7.0,1.66,2.18,0.0,Risk/Caution
-5.0,7.0,2.2,1.58,-10.0,Risk/Caution
-3.0,4.0,2.91,2.0,-6.0,Risk/Caution
-4.0,7.0,2.07,2.33,16.0,Risk/Caution
-4.0,7.0,2.0,2.0,18.0,Risk/Caution
-4.5,8.0,2.06,1.97,-6.0,Risk/Caution
-5.0,5.0,2.0,2.0,-6.0,Risk/Caution
-6.0,6.0,2.02,1.89,-6.0,Risk/Caution
-6.0,1.0,0.0,1.41,8.0,Risk/Caution
-5.0,7.0,1.76,1.79,0.0,Risk/Caution
-3.0,6.0,2.05,2.21,0.0,Risk/Caution
-5.0,6.0,2.0,2.0,12.0,Risk/Caution
-5.0,6.0,2.86,2.13,6.0,Risk/Caution
-3.0,8.0,2.32,1.99,0.0,Risk/Caution
-4.0,6.0,1.94,1.94,12.0,Risk/Caution
-8.0,4.0,1.87,2.2,6.0,Risk/Caution
-7.0,4.0,1.41,0.0,6.0,Risk/Caution
-6.0,6.0,1.98,2.26,-12.0,Risk/Caution
-5.0,7.0,2.17,3.0,13.0,Risk/Caution
-5.0,6.0,1.41,0.0,6.0,Risk/Caution
-5.0,7.0,1.85,2.03,6.0,Risk/Caution
-6.0,6.0,2.08,0.0,-6.0,Risk/Caution
-4.0,6.0,2.92,3.29,6.0,Risk/Caution
-5.0,7.0,1.41,1.0,0.0,Risk/Caution
-7.0,4.0,2.0,2.79,6.0,Risk/Caution
-3.0,8.0,1.51,0.0,-6.0,Risk/Caution
-3.5,8.0,2.37,1.81,-12.0,Risk/Caution
-4.0,5.0,2.12,2.32,-6.0,Risk/Caution
-4.5,5.0,2.02,2.19,-6.0,Risk/Caution
-4.0,6.0,1.85,2.88,0.0,Risk/Caution
-4.5,7.0,1.7,1.93,-12.0,Risk/Caution
-5.0,7.0,2.69,2.0,18.0,Risk/Caution
-7.5,6.0,2.05,1.94,6.0,Risk/Caution
-5.0,5.0,1.5,1.5,0.0,Risk/Caution
-5.0,6.0,2.23,2.38,18.0,Risk/Caution
-5.0,7.0,2.33,0.0,0.0,Risk/Caution
-5.0,6.0,2.15,2.17,6.0,Risk/Caution
-5.0,6.0,2.3,0.0,18.0,Risk/Caution
-4.0,6.0,2.25,1.78,24.0,Risk/Caution
-5.5,5.0,1.78,1.76,6.0,Risk/Caution
-6.0,5.0,1.89,2.19,-6.0,Risk/Caution
-5.0,7.0,2.44,1.93,6.0,Risk/Caution
-4.0,5.0,2.75,2.69,12.0,Risk/Caution
-5.5,6.0,2.0,2.0,18.0,Risk/Caution
-5.0,5.0,1.96,2.15,1.0,Risk/Caution
-5.0,5.0,2.3,2.25,6.0,Risk/Caution
-4.0,6.0,1.69,2.33,0.0,Risk/Caution
-5.0,4.0,2.79,2.33,6.0,Risk/Caution
-5.0,7.0,2.69,1.78,18.0,Risk/Caution
-6.0,5.0,2.06,2.3,0.0,Risk/Caution
-5.0,6.0,2.08,0.0,12.0,Risk/Caution
-6.0,5.0,2.25,1.78,-6.0,Risk/Caution
-6.0,8.0,3.02,2.23,18.0,Risk/Caution
-5.0,6.0,2.51,1.68,0.0,Risk/Caution
-5.0,6.0,2.25,2.2,-10.0,Risk/Caution
-6.0,6.0,1.72,2.58,18.0,Risk/Caution
-7.0,7.0,1.66,1.76,-6.0,Risk/Caution
-4.0,5.0,2.85,0.0,0.0,Risk/Caution
-5.0,6.0,2.11,2.3,30.0,Risk/Caution
-6.0,6.0,2.0,2.0,0.0,Risk/Caution
-6.0,6.0,2.5,2.0,1.0,Risk/Caution
-5.0,6.0,2.0,2.0,0.0,Risk/Caution
-4.0,5.0,2.0,0.0,0.0,Risk/Caution
-7.0,5.0,1.85,2.6,0.0,Risk/Caution
-4.0,6.0,2.17,3.0,12.0,Risk/Caution
-3.5,5.0,2.33,2.3,-6.0,Risk/Caution
-4.5,5.0,2.25,2.48,-18.0,Risk/Caution
-5.0,6.0,2.49,1.69,18.0,Risk/Caution
-5.0,7.0,2.3,2.3,6.0,Risk/Caution
